code,name,element_type,category,difficulty,base_points,duration_seconds,skip_unlock_rule,proof_required,validation_mode,can_be_fake,can_appear_in_reserve,player_display_text,ui_tag_1,ui_tag_2,success_button_label,failure_button_label,is_active
faire_changer_quelquun_de_place,Faire changer quelqu’un de place,mission,positioning,2,3,420,one_half,False,auto,True,True,Faire changer quelqu’un de place,placement,mouvement,Réussi,Raté,True
faire_lever_quelquun,Faire lever quelqu’un,mission,positioning,1,1,300,one_third,False,auto,True,True,Faire lever quelqu’un,placement,mouvement,Réussi,Raté,True
faire_danser_quelquun,Faire danser quelqu’un,mission,social,2,3,420,one_half,False,auto,True,True,Faire danser quelqu’un,social,visible,Réussi,Raté,True
faire_mettre_un_masque,Faire mettre un masque,mission,social,1,1,300,one_third,False,auto,True,True,Faire mettre un masque,social,visible,Réussi,Raté,True
faire_enlever_un_masque,Faire enlever un masque,mission,social,2,3,420,one_half,False,auto,True,True,Faire enlever un masque,social,visible,Réussi,Raté,True
faire_tenir_un_verre_10_secondes,Faire tenir un verre 10 secondes,mission,social,1,1,300,one_third,False,auto,True,True,Faire tenir un verre 10 secondes,social,visible,Réussi,Raté,True
faire_changer_quelquun_de_groupe,Faire changer quelqu’un de groupe,mission,positioning,2,3,420,one_half,False,auto,True,True,Faire changer quelqu’un de groupe,placement,mouvement,Réussi,Raté,True
faire_sortir_puis_revenir_quelquun,Faire sortir puis revenir quelqu’un,mission,positioning,2,3,420,one_half,False,auto,True,True,Faire sortir puis revenir quelqu’un,placement,mouvement,Réussi,Raté,True
faire_applaudir_quelquun,Faire applaudir quelqu’un,mission,social,1,1,300,one_third,False,auto,True,True,Faire applaudir quelqu’un,social,visible,Réussi,Raté,True
se_faire_contredire,Se faire contredire,mission,manipulation,2,3,420,one_half,False,auto,True,True,Se faire contredire,influence,contrôle,Réussi,Raté,True
se_faire_corriger,Se faire corriger,mission,manipulation,1,1,300,one_third,False,auto,True,True,Se faire corriger,influence,contrôle,Réussi,Raté,True
faire_rire_quelquun,Faire rire quelqu’un,mission,social,2,3,420,one_half,False,auto,True,True,Faire rire quelqu’un,social,visible,Réussi,Raté,True
se_faire_demander_pourquoi,Se faire demander pourquoi,mission,conversation,1,1,300,one_third,False,auto,True,True,Se faire demander pourquoi,parole,direct,Réussi,Raté,True
faire_se_retourner_quelquun,Faire se retourner quelqu’un,mission,positioning,1,1,300,one_third,False,auto,True,True,Faire se retourner quelqu’un,placement,mouvement,Réussi,Raté,True
faire_se_rapprocher_quelquun_pour_entendre,Faire se rapprocher quelqu’un pour entendre,mission,positioning,1,1,300,one_third,False,auto,True,True,Faire se rapprocher quelqu’un pour entendre,placement,mouvement,Réussi,Raté,True
se_faire_demander_de_repeter,Se faire demander de répéter,mission,conversation,1,1,300,one_third,False,auto,True,True,Se faire demander de répéter,parole,direct,Réussi,Raté,True
rejoindre_un_groupe_1_minute,Rejoindre un groupe 1 minute,mission,natural,1,1,300,one_third,False,auto,True,True,Rejoindre un groupe 1 minute,naturel,fluide,Réussi,Raté,True
faire_entrer_une_troisieme_personne,Faire entrer une troisième personne,mission,triangular,2,3,420,one_half,False,auto,True,True,Faire entrer une troisième personne,triangulaire,groupe,Réussi,Raté,True
faire_parler_deux_personnes_ensemble,Faire parler deux personnes ensemble,mission,triangular,2,3,420,one_half,False,auto,True,True,Faire parler deux personnes ensemble,triangulaire,groupe,Réussi,Raté,True
faire_complimenter_ta_tenue,Faire complimenter ta tenue,mission,conversation,2,3,420,one_half,False,auto,True,True,Faire complimenter ta tenue,parole,direct,Réussi,Raté,True
faire_proposer_une_photo_de_groupe,Faire proposer une photo de groupe,mission,social,2,3,420,one_half,False,auto,True,True,Faire proposer une photo de groupe,social,visible,Réussi,Raté,True
faire_suggerer_de_danser,Faire suggérer de danser,mission,social,2,3,420,one_half,False,auto,True,True,Faire suggérer de danser,social,visible,Réussi,Raté,True
faire_repeter_une_phrase_sans_dire_repete,Faire répéter une phrase sans dire répète,mission,manipulation,3,5,600,one_half,False,auto,True,True,Faire répéter une phrase sans dire répète,influence,contrôle,Réussi,Raté,True
faire_quitter_un_groupe_a_quelquun,Faire quitter un groupe à quelqu’un,mission,positioning,2,3,420,one_half,False,auto,True,True,Faire quitter un groupe à quelqu’un,placement,mouvement,Réussi,Raté,True
amener_deux_personnes_a_se_contredire,Amener deux personnes à se contredire,mission,triangular,3,5,600,one_half,False,auto,True,True,Amener deux personnes à se contredire,triangulaire,groupe,Réussi,Raté,True
faire_trinquer_deux_personnes,Faire trinquer deux personnes,mission,social,1,1,300,one_third,False,auto,True,True,Faire trinquer deux personnes,social,visible,Réussi,Raté,True
faire_regarder_la_meme_personne_a_un_groupe,Faire regarder la même personne à un groupe,mission,social,2,3,420,one_half,False,auto,True,True,Faire regarder la même personne à un groupe,social,visible,Réussi,Raté,True
declencher_un_mini_applaudissement,Déclencher un mini applaudissement,mission,social,2,3,420,one_half,False,auto,True,True,Déclencher un mini applaudissement,social,visible,Réussi,Raté,True
faire_prendre_quelquun_en_photo_sans_demande_initiale,Faire prendre quelqu’un en photo sans demande initiale,mission,social,2,3,420,one_half,False,auto,True,True,Faire prendre quelqu’un en photo sans demande initiale,social,visible,Réussi,Raté,True
faire_se_mettre_entre_deux_personnes,Faire se mettre entre deux personnes,mission,positioning,2,3,420,one_half,False,auto,True,True,Faire se mettre entre deux personnes,placement,mouvement,Réussi,Raté,True
faire_se_mettre_face_a_une_autre_personne,Faire se mettre face à une autre personne,mission,positioning,1,1,300,one_third,False,auto,True,True,Faire se mettre face à une autre personne,placement,mouvement,Réussi,Raté,True
faire_lever_quelquun_puis_parler_a_une_autre_personne,Faire lever quelqu’un puis parler à une autre personne,mission,triangular,3,5,600,one_half,False,auto,True,True,Faire lever quelqu’un puis parler à une autre personne,triangulaire,groupe,Réussi,Raté,True
faire_proposer_une_photo_puis_choisir_les_participants,Faire proposer une photo puis choisir les participants,mission,social,3,5,600,one_half,False,auto,True,True,Faire proposer une photo puis choisir les participants,social,visible,Réussi,Raté,True
faire_corriger_une_posture_pour_une_photo,Faire corriger une posture pour une photo,mission,social,2,3,420,one_half,False,auto,True,True,Faire corriger une posture pour une photo,social,visible,Réussi,Raté,True
faire_vouloir_voir_le_resultat_dune_photo,Faire vouloir voir le résultat d’une photo,mission,social,1,1,300,one_third,False,auto,True,True,Faire vouloir voir le résultat d’une photo,social,visible,Réussi,Raté,True
faire_demander_a_recommencer_une_photo,Faire demander à recommencer une photo,mission,social,2,3,420,one_half,False,auto,True,True,Faire demander à recommencer une photo,social,visible,Réussi,Raté,True
faire_trinquer_apres_une_reussite,Faire trinquer après une réussite,mission,social,1,1,300,one_third,False,auto,True,True,Faire trinquer après une réussite,social,visible,Réussi,Raté,True
aller_parler_a_une_nouvelle_personne,Aller parler à une nouvelle personne,mission,natural,1,1,300,one_third,False,auto,True,True,Aller parler à une nouvelle personne,naturel,fluide,Réussi,Raté,True
relancer_une_conversation_qui_meurt,Relancer une conversation qui meurt,mission,natural,1,1,300,one_third,False,auto,True,True,Relancer une conversation qui meurt,naturel,fluide,Réussi,Raté,True
obtenir_un_compliment,Obtenir un compliment,mission,social,2,3,420,one_half,False,auto,True,True,Obtenir un compliment,social,visible,Réussi,Raté,True
obtenir_une_photo_de_laction,Obtenir une photo de l’action,mission,proof,2,3,420,one_half,True,proof,False,True,Obtenir une photo de l’action,preuve,média,Réussi,Raté,True
envoyer_une_photo_au_maitre_du_jeu,Envoyer une photo au maître du jeu,mission,proof,2,3,420,one_half,True,proof,False,False,Envoyer une photo au maître du jeu,preuve,média,Réussi,Raté,False
obtenir_une_video_discrete,Obtenir une vidéo discrète,mission,proof,3,5,600,one_half,True,proof,False,False,Obtenir une vidéo discrète,preuve,média,Réussi,Raté,False
faire_valider_par_un_temoin_discret,Faire valider par un témoin discret,mission,proof,3,5,600,one_half,True,proof,False,False,Faire valider par un témoin discret,preuve,média,Réussi,Raté,False
faire_dire_elegant,Faire dire élégant,mission,conversation,1,1,300,one_third,False,auto,True,False,Faire dire élégant,parole,mot,Réussi,Raté,False
faire_dire_mysterieux,Faire dire mystérieux,mission,conversation,1,1,300,one_third,False,auto,True,True,Faire dire mystérieux,parole,mot,Réussi,Raté,True
faire_dire_suspect,Faire dire suspect,mission,conversation,2,3,420,one_half,False,auto,True,True,Faire dire suspect,parole,mot,Réussi,Raté,True
faire_dire_theatral,Faire dire théâtral,mission,conversation,2,3,420,one_half,False,auto,True,True,Faire dire théâtral,parole,mot,Réussi,Raté,True
faire_dire_royal,Faire dire royal,mission,conversation,2,3,420,one_half,False,auto,True,True,Faire dire royal,parole,mot,Réussi,Raté,True
faire_chanter_le_debut_de_joyeux_anniversaire,Faire chanter le début de Joyeux anniversaire,mission,social,2,3,420,one_half,False,auto,True,True,Faire chanter le début de Joyeux anniversaire,chanson,connue,Réussi,Raté,True
faire_fredonner_les_demons_de_minuit,Faire fredonner Les démons de minuit,mission,social,2,3,420,one_half,False,auto,True,True,Faire fredonner Les démons de minuit,chanson,connue,Réussi,Raté,True
faire_chanter_une_phrase_de_djadja,Faire chanter une phrase de Djadja,mission,social,2,3,420,one_half,False,auto,True,True,Faire chanter une phrase de Djadja,chanson,connue,Réussi,Raté,True
faire_fredonner_aicha,Faire fredonner Aïcha,mission,social,2,3,420,one_half,False,auto,True,True,Faire fredonner Aïcha,chanson,connue,Réussi,Raté,True
faire_chanter_une_phrase_de_je_te_promets,Faire chanter une phrase de Je te promets,mission,social,2,3,420,one_half,False,auto,True,True,Faire chanter une phrase de Je te promets,chanson,connue,Réussi,Raté,True
faire_chuchoter_regarde_derriere_toi,Faire chuchoter regarde derrière toi,mission,conversation,1,1,300,one_third,False,auto,True,True,Faire chuchoter regarde derrière toi,parole,discret,Réussi,Raté,True
faire_chuchoter_je_crois_quon_tobserve,Faire chuchoter je crois qu’on t’observe,mission,conversation,2,3,420,one_half,False,auto,True,True,Faire chuchoter je crois qu’on t’observe,parole,discret,Réussi,Raté,True
faire_chuchoter_viens_voir_la_bas,Faire chuchoter viens voir là-bas,mission,conversation,1,1,300,one_third,False,auto,True,True,Faire chuchoter viens voir là-bas,parole,discret,Réussi,Raté,True
faire_chuchoter_ton_masque_est_style,Faire chuchoter ton masque est stylé,mission,conversation,1,1,300,one_third,False,auto,True,True,Faire chuchoter ton masque est stylé,parole,discret,Réussi,Raté,True
faire_chuchoter_ne_te_retourne_pas,Faire chuchoter ne te retourne pas,mission,conversation,2,3,420,one_half,False,auto,True,True,Faire chuchoter ne te retourne pas,parole,discret,Réussi,Raté,True
faire_utiliser_bizarre,Faire utiliser bizarre,mission,conversation,2,3,420,one_half,False,auto,True,True,Faire utiliser bizarre,parole,mot,Réussi,Raté,True
faire_utiliser_incroyable,Faire utiliser incroyable,mission,conversation,2,3,420,one_half,False,auto,True,True,Faire utiliser incroyable,parole,mot,Réussi,Raté,True
faire_utiliser_classe,Faire utiliser classe,mission,conversation,2,3,420,one_half,False,auto,True,True,Faire utiliser classe,parole,mot,Réussi,Raté,True
faire_utiliser_etrange,Faire utiliser étrange,mission,conversation,2,3,420,one_half,False,auto,True,True,Faire utiliser étrange,parole,mot,Réussi,Raté,True
faire_utiliser_dramatique,Faire utiliser dramatique,mission,conversation,2,3,420,one_half,False,auto,True,True,Faire utiliser dramatique,parole,mot,Réussi,Raté,True
faire_dire_jaime_ton_masque_a_une_personne_devant_une_autre,Faire dire j’aime ton masque à une personne devant une autre,mission,triangular,3,5,600,one_half,False,auto,True,True,Faire dire j’aime ton masque à une personne devant une autre,triangulaire,phrase,Réussi,Raté,True
faire_dire_ta_tenue_est_incroyable_a_une_personne_devant_une_autre,Faire dire ta tenue est incroyable à une personne devant une autre,mission,triangular,3,5,600,one_half,False,auto,True,True,Faire dire ta tenue est incroyable à une personne devant une autre,triangulaire,phrase,Réussi,Raté,True
faire_dire_tu_triches_a_une_personne_devant_une_autre,Faire dire tu triches à une personne devant une autre,mission,triangular,3,5,600,one_half,False,auto,True,True,Faire dire tu triches à une personne devant une autre,triangulaire,phrase,Réussi,Raté,True
faire_dire_je_ne_suis_pas_sur_de_toi_a_une_personne_devant_une_autre,Faire dire je ne suis pas sûr de toi à une personne devant une autre,mission,triangular,3,5,600,one_half,False,auto,True,True,Faire dire je ne suis pas sûr de toi à une personne devant une autre,triangulaire,phrase,Réussi,Raté,True
faire_citer_chloe,Faire citer Chloé,mission,conversation,1,1,300,one_third,False,auto,True,True,Faire citer Chloé,parole,cible,Réussi,Raté,True
faire_citer_lucas,Faire citer Lucas,mission,conversation,1,1,300,one_third,False,auto,True,True,Faire citer Lucas,parole,cible,Réussi,Raté,True
faire_citer_marina,Faire citer Marina,mission,conversation,1,1,300,one_third,False,auto,True,True,Faire citer Marina,parole,cible,Réussi,Raté,True
faire_citer_greg,Faire citer Greg,mission,conversation,1,1,300,one_third,False,auto,True,True,Faire citer Greg,parole,cible,Réussi,Raté,True
faire_citer_fanny,Faire citer Fanny,mission,conversation,1,1,300,one_third,False,auto,True,True,Faire citer Fanny,parole,cible,Réussi,Raté,True
faire_appeler_lucas,Faire appeler Lucas,mission,triangular,2,3,420,one_half,False,auto,True,True,Faire appeler Lucas,triangulaire,cible,Réussi,Raté,True
faire_appeler_juliette,Faire appeler Juliette,mission,triangular,2,3,420,one_half,False,auto,True,True,Faire appeler Juliette,triangulaire,cible,Réussi,Raté,True
faire_appeler_greg,Faire appeler Greg,mission,triangular,2,3,420,one_half,False,auto,True,True,Faire appeler Greg,triangulaire,cible,Réussi,Raté,True
faire_appeler_lou,Faire appeler Lou,mission,triangular,2,3,420,one_half,False,auto,True,True,Faire appeler Lou,triangulaire,cible,Réussi,Raté,True
faire_appeler_alexis,Faire appeler Alexis,mission,triangular,2,3,420,one_half,False,auto,True,True,Faire appeler Alexis,triangulaire,cible,Réussi,Raté,True
faire_asseoir_quelquun_a_cote_de_marina,Faire asseoir quelqu’un à côté de Marina,mission,positioning,2,3,420,one_half,False,auto,True,True,Faire asseoir quelqu’un à côté de Marina,placement,cible,Réussi,Raté,True
faire_asseoir_quelquun_a_cote_de_chloe,Faire asseoir quelqu’un à côté de Chloé,mission,positioning,2,3,420,one_half,False,auto,True,True,Faire asseoir quelqu’un à côté de Chloé,placement,cible,Réussi,Raté,True
faire_asseoir_quelquun_a_cote_de_greg,Faire asseoir quelqu’un à côté de Greg,mission,positioning,2,3,420,one_half,False,auto,True,True,Faire asseoir quelqu’un à côté de Greg,placement,cible,Réussi,Raté,True
faire_asseoir_quelquun_a_cote_de_florentine,Faire asseoir quelqu’un à côté de Florentine,mission,positioning,2,3,420,one_half,False,auto,True,True,Faire asseoir quelqu’un à côté de Florentine,placement,cible,Réussi,Raté,True
faire_poser_une_question_a_greg_sur_juliette,Faire poser une question à Greg sur Juliette,mission,triangular,3,5,600,one_half,False,auto,True,True,Faire poser une question à Greg sur Juliette,triangulaire,cible,Réussi,Raté,True
faire_poser_une_question_a_lucas_sur_lou,Faire poser une question à Lucas sur Lou,mission,triangular,3,5,600,one_half,False,auto,True,True,Faire poser une question à Lucas sur Lou,triangulaire,cible,Réussi,Raté,True
faire_poser_une_question_a_fanny_sur_chloe,Faire poser une question à Fanny sur Chloé,mission,triangular,3,5,600,one_half,False,auto,True,True,Faire poser une question à Fanny sur Chloé,triangulaire,cible,Réussi,Raté,True
faire_citer_lucas_par_chloe_devant_marina,Faire citer Lucas par Chloé devant Marina,mission,triangular,3,5,600,one_half,False,auto,True,True,Faire citer Lucas par Chloé devant Marina,triangulaire,cible,Réussi,Raté,True
faire_citer_greg_par_lou_devant_juliette,Faire citer Greg par Lou devant Juliette,mission,triangular,3,5,600,one_half,False,auto,True,True,Faire citer Greg par Lou devant Juliette,triangulaire,cible,Réussi,Raté,True
faire_citer_alexis_par_fanny_devant_florentine,Faire citer Alexis par Fanny devant Florentine,mission,triangular,3,5,600,one_half,False,auto,True,True,Faire citer Alexis par Fanny devant Florentine,triangulaire,cible,Réussi,Raté,True
faire_appeler_fanny_pour_une_photo,Faire appeler Fanny pour une photo,mission,triangular,2,3,420,one_half,False,auto,True,True,Faire appeler Fanny pour une photo,photo,cible,Réussi,Raté,True
faire_appeler_lou_pour_une_photo,Faire appeler Lou pour une photo,mission,triangular,2,3,420,one_half,False,auto,True,True,Faire appeler Lou pour une photo,photo,cible,Réussi,Raté,True
faire_appeler_andy_pour_une_photo,Faire appeler Andy pour une photo,mission,triangular,2,3,420,one_half,False,auto,True,True,Faire appeler Andy pour une photo,photo,cible,Réussi,Raté,True
faire_appeler_greg_pour_une_photo,Faire appeler Greg pour une photo,mission,triangular,2,3,420,one_half,False,auto,True,True,Faire appeler Greg pour une photo,photo,cible,Réussi,Raté,True
faire_complimenter_juliette,Faire complimenter Juliette,mission,triangular,3,5,600,one_half,False,auto,True,True,Faire complimenter Juliette,triangulaire,cible,Réussi,Raté,True
faire_complimenter_andy,Faire complimenter Andy,mission,triangular,3,5,600,one_half,False,auto,True,True,Faire complimenter Andy,triangulaire,cible,Réussi,Raté,True
faire_complimenter_marina,Faire complimenter Marina,mission,triangular,3,5,600,one_half,False,auto,True,True,Faire complimenter Marina,triangulaire,cible,Réussi,Raté,True
faire_complimenter_chloe,Faire complimenter Chloé,mission,triangular,3,5,600,one_half,False,auto,True,True,Faire complimenter Chloé,triangulaire,cible,Réussi,Raté,True
rapprocher_greg_et_lou,Rapprocher Greg et Lou,mission,triangular,2,3,420,one_half,False,auto,True,True,Rapprocher Greg et Lou,triangulaire,groupe,Réussi,Raté,True
rapprocher_lucas_et_florentine,Rapprocher Lucas et Florentine,mission,triangular,2,3,420,one_half,False,auto,True,True,Rapprocher Lucas et Florentine,triangulaire,groupe,Réussi,Raté,True
rapprocher_alexis_et_marina,Rapprocher Alexis et Marina,mission,triangular,2,3,420,one_half,False,auto,True,True,Rapprocher Alexis et Marina,triangulaire,groupe,Réussi,Raté,True
rapprocher_fanny_et_juliette,Rapprocher Fanny et Juliette,mission,triangular,2,3,420,one_half,False,auto,True,True,Rapprocher Fanny et Juliette,triangulaire,groupe,Réussi,Raté,True
faire_poser_un_verre_sur_la_grande_table,Faire poser un verre sur la grande table,mission,positioning,1,1,300,one_third,False,auto,True,True,Faire poser un verre sur la grande table,placement,objet,Réussi,Raté,True
faire_poser_un_verre_sur_le_bord_du_preau,Faire poser un verre sur le bord du préau,mission,positioning,1,1,300,one_third,False,auto,True,True,Faire poser un verre sur le bord du préau,placement,objet,Réussi,Raté,True
faire_poser_un_verre_pres_du_coin_photo,Faire poser un verre près du coin photo,mission,positioning,1,1,300,one_third,False,auto,True,True,Faire poser un verre près du coin photo,placement,objet,Réussi,Raté,True
faire_montrer_son_masque,Faire montrer son masque,mission,social,1,1,300,one_third,False,auto,True,True,Faire montrer son masque,social,accessoire,Réussi,Raté,True
faire_montrer_sa_bague,Faire montrer sa bague,mission,social,1,1,300,one_third,False,auto,True,True,Faire montrer sa bague,social,accessoire,Réussi,Raté,True
faire_montrer_son_collier,Faire montrer son collier,mission,social,1,1,300,one_third,False,auto,True,True,Faire montrer son collier,social,accessoire,Réussi,Raté,True
faire_montrer_sa_veste,Faire montrer sa veste,mission,social,1,1,300,one_third,False,auto,True,True,Faire montrer sa veste,social,accessoire,Réussi,Raté,True
faire_venir_verifier_la_deco_rouge,Faire venir vérifier la déco rouge,mission,manipulation,2,3,420,one_half,False,auto,True,True,Faire venir vérifier la déco rouge,influence,déco,Réussi,Raté,True
faire_venir_verifier_un_detail_du_coin_photo,Faire venir vérifier un détail du coin photo,mission,manipulation,2,3,420,one_half,False,auto,True,True,Faire venir vérifier un détail du coin photo,influence,déco,Réussi,Raté,True
faire_venir_verifier_quelque_chose_au_niveau_des_lumieres,Faire venir vérifier quelque chose au niveau des lumières,mission,manipulation,2,3,420,one_half,False,auto,True,True,Faire venir vérifier quelque chose au niveau des lumières,influence,déco,Réussi,Raté,True
faire_aller_verifier_un_detail_de_deco_a_fanny,Faire aller vérifier un détail de déco à Fanny,mission,manipulation,2,3,420,one_half,False,auto,True,True,Faire aller vérifier un détail de déco à Fanny,influence,déco,Réussi,Raté,True
faire_aller_verifier_le_coin_photo_a_greg,Faire aller vérifier le coin photo à Greg,mission,manipulation,2,3,420,one_half,False,auto,True,True,Faire aller vérifier le coin photo à Greg,influence,déco,Réussi,Raté,True
faire_aller_verifier_la_table_a_lucas,Faire aller vérifier la table à Lucas,mission,manipulation,2,3,420,one_half,False,auto,True,True,Faire aller vérifier la table à Lucas,influence,déco,Réussi,Raté,True
faire_sapprocher_du_coin_photo,Faire s’approcher du coin photo,mission,positioning,1,1,300,one_third,False,auto,True,True,Faire s’approcher du coin photo,placement,espace,Réussi,Raté,True
faire_sapprocher_de_la_table_du_punch,Faire s’approcher de la table du punch,mission,positioning,1,1,300,one_third,False,auto,True,True,Faire s’approcher de la table du punch,placement,espace,Réussi,Raté,True
faire_sapprocher_du_beer_pong,Faire s’approcher du beer pong,mission,positioning,1,1,300,one_third,False,auto,True,True,Faire s’approcher du beer pong,placement,espace,Réussi,Raté,True
faire_toucher_un_rideau,Faire toucher un rideau,mission,positioning,1,1,300,one_third,False,auto,True,True,Faire toucher un rideau,placement,déco,Réussi,Raté,True
faire_regarder_les_lumieres,Faire regarder les lumières,mission,positioning,1,1,300,one_third,False,auto,True,True,Faire regarder les lumières,placement,déco,Réussi,Raté,True
faire_toucher_un_masque_de_deco,Faire toucher un masque de déco,mission,positioning,1,1,300,one_third,False,auto,True,True,Faire toucher un masque de déco,placement,déco,Réussi,Raté,True
faire_regarder_la_table_principale,Faire regarder la table principale,mission,positioning,1,1,300,one_third,False,auto,True,True,Faire regarder la table principale,placement,déco,Réussi,Raté,True
faire_remplir_un_verre_vide_sur_la_table,Faire remplir un verre vide sur la table,mission,social,1,1,300,one_third,False,auto,True,True,Faire remplir un verre vide sur la table,social,boisson,Réussi,Raté,True
faire_remplir_un_verre_pres_du_punch,Faire remplir un verre près du punch,mission,social,1,1,300,one_third,False,auto,True,True,Faire remplir un verre près du punch,social,boisson,Réussi,Raté,True
faire_donner_un_avis_sur_le_punch,Faire donner un avis sur le punch,mission,conversation,1,1,300,one_third,False,auto,True,True,Faire donner un avis sur le punch,parole,boisson,Réussi,Raté,True
faire_donner_un_avis_sur_la_biere,Faire donner un avis sur la bière,mission,conversation,1,1,300,one_third,False,auto,True,True,Faire donner un avis sur la bière,parole,boisson,Réussi,Raté,True
faire_apporter_un_verre_a_fanny,Faire apporter un verre à Fanny,mission,social,2,3,420,one_half,False,auto,True,True,Faire apporter un verre à Fanny,social,boisson,Réussi,Raté,True
faire_apporter_un_verre_a_lou,Faire apporter un verre à Lou,mission,social,2,3,420,one_half,False,auto,True,True,Faire apporter un verre à Lou,social,boisson,Réussi,Raté,True
faire_apporter_un_verre_a_greg,Faire apporter un verre à Greg,mission,social,2,3,420,one_half,False,auto,True,True,Faire apporter un verre à Greg,social,boisson,Réussi,Raté,True
faire_apporter_un_verre_a_juliette,Faire apporter un verre à Juliette,mission,social,2,3,420,one_half,False,auto,True,True,Faire apporter un verre à Juliette,social,boisson,Réussi,Raté,True
lancer_une_discussion_sur_les_couleurs_des_tenues,Lancer une discussion sur les couleurs des tenues,mission,conversation,1,1,300,one_third,False,auto,True,True,Lancer une discussion sur les couleurs des tenues,parole,thème,Réussi,Raté,True
lancer_une_discussion_sur_la_tenue_la_plus_elegante,Lancer une discussion sur la tenue la plus élégante,mission,conversation,1,1,300,one_third,False,auto,True,True,Lancer une discussion sur la tenue la plus élégante,parole,thème,Réussi,Raté,True
lancer_une_discussion_sur_les_accessoires,Lancer une discussion sur les accessoires,mission,conversation,1,1,300,one_third,False,auto,True,True,Lancer une discussion sur les accessoires,parole,thème,Réussi,Raté,True
lancer_une_discussion_sur_lambiance_victorienne,Lancer une discussion sur l’ambiance victorienne,mission,conversation,1,1,300,one_third,False,auto,True,True,Lancer une discussion sur l’ambiance victorienne,parole,thème,Réussi,Raté,True
lancer_une_discussion_sur_le_dress_code,Lancer une discussion sur le dress code,mission,conversation,1,1,300,one_third,False,auto,True,True,Lancer une discussion sur le dress code,parole,thème,Réussi,Raté,True
lancer_une_discussion_sur_la_deco,Lancer une discussion sur la déco,mission,conversation,1,1,300,one_third,False,auto,True,True,Lancer une discussion sur la déco,parole,thème,Réussi,Raté,True
lancer_une_discussion_sur_le_plus_beau_masque,Lancer une discussion sur le plus beau masque,mission,conversation,1,1,300,one_third,False,auto,True,True,Lancer une discussion sur le plus beau masque,parole,thème,Réussi,Raté,True
lancer_une_discussion_sur_le_masque_le_plus_discret,Lancer une discussion sur le masque le plus discret,mission,conversation,1,1,300,one_third,False,auto,True,True,Lancer une discussion sur le masque le plus discret,parole,thème,Réussi,Raté,True
lancer_une_discussion_sur_les_masques_les_plus_originaux,Lancer une discussion sur les masques les plus originaux,mission,conversation,1,1,300,one_third,False,auto,True,True,Lancer une discussion sur les masques les plus originaux,parole,thème,Réussi,Raté,True
lancer_une_discussion_sur_les_photos_a_faire,Lancer une discussion sur les photos à faire,mission,conversation,1,1,300,one_third,False,auto,True,True,Lancer une discussion sur les photos à faire,parole,thème,Réussi,Raté,True
lancer_une_discussion_sur_qui_photographier,Lancer une discussion sur qui photographier,mission,conversation,1,1,300,one_third,False,auto,True,True,Lancer une discussion sur qui photographier,parole,thème,Réussi,Raté,True
lancer_une_discussion_sur_la_meilleure_pose,Lancer une discussion sur la meilleure pose,mission,conversation,1,1,300,one_third,False,auto,True,True,Lancer une discussion sur la meilleure pose,parole,thème,Réussi,Raté,True
faire_raconter_un_souvenir_drole,Faire raconter un souvenir drôle,mission,conversation,2,3,420,one_half,False,auto,True,True,Faire raconter un souvenir drôle,parole,souvenir,Réussi,Raté,True
faire_raconter_un_souvenir_genant,Faire raconter un souvenir gênant,mission,conversation,2,3,420,one_half,False,auto,True,True,Faire raconter un souvenir gênant,parole,souvenir,Réussi,Raté,True
faire_raconter_un_vieux_souvenir,Faire raconter un vieux souvenir,mission,conversation,2,3,420,one_half,False,auto,True,True,Faire raconter un vieux souvenir,parole,souvenir,Réussi,Raté,True
faire_raconter_comment_la_personne_connait_manon,Faire raconter comment la personne connaît Manon,mission,conversation,2,3,420,one_half,False,auto,True,True,Faire raconter comment la personne connaît Manon,parole,souvenir,Réussi,Raté,True
faire_raconter_depuis_quand_la_personne_connait_manon,Faire raconter depuis quand la personne connaît Manon,mission,conversation,2,3,420,one_half,False,auto,True,True,Faire raconter depuis quand la personne connaît Manon,parole,souvenir,Réussi,Raté,True
faire_raconter_leur_premier_souvenir_ensemble,Faire raconter leur premier souvenir ensemble,mission,conversation,2,3,420,one_half,False,auto,True,True,Faire raconter leur premier souvenir ensemble,parole,souvenir,Réussi,Raté,True
faire_parler_quelquun_de_sa_tenue,Faire parler quelqu’un de sa tenue,mission,conversation,1,1,300,one_third,False,auto,True,True,Faire parler quelqu’un de sa tenue,parole,look,Réussi,Raté,True
faire_parler_quelquun_de_son_masque,Faire parler quelqu’un de son masque,mission,conversation,1,1,300,one_third,False,auto,True,True,Faire parler quelqu’un de son masque,parole,look,Réussi,Raté,True
faire_parler_quelquun_de_ses_accessoires,Faire parler quelqu’un de ses accessoires,mission,conversation,1,1,300,one_third,False,auto,True,True,Faire parler quelqu’un de ses accessoires,parole,look,Réussi,Raté,True
faire_parler_de_la_preparation,Faire parler de la préparation,mission,conversation,1,1,300,one_third,False,auto,True,True,Faire parler de la préparation,parole,soirée,Réussi,Raté,True
faire_parler_de_lorganisation,Faire parler de l’organisation,mission,conversation,1,1,300,one_third,False,auto,True,True,Faire parler de l’organisation,parole,soirée,Réussi,Raté,True
faire_parler_de_la_surprise,Faire parler de la surprise,mission,conversation,1,1,300,one_third,False,auto,True,True,Faire parler de la surprise,parole,soirée,Réussi,Raté,True
faire_raconter_pourquoi_cette_tenue,Faire raconter pourquoi cette tenue,mission,conversation,1,1,300,one_third,False,auto,True,True,Faire raconter pourquoi cette tenue,parole,look,Réussi,Raté,True
faire_raconter_comment_elle_a_ete_choisie,Faire raconter comment elle a été choisie,mission,conversation,1,1,300,one_third,False,auto,True,True,Faire raconter comment elle a été choisie,parole,look,Réussi,Raté,True
faire_raconter_ce_qui_a_ete_le_plus_difficile_a_trouver,Faire raconter ce qui a été le plus difficile à trouver,mission,conversation,1,1,300,one_third,False,auto,True,True,Faire raconter ce qui a été le plus difficile à trouver,parole,look,Réussi,Raté,True
faire_parler_de_la_strategie_au_beer_pong,Faire parler de la stratégie au beer pong,mission,conversation,1,1,300,one_third,False,auto,True,True,Faire parler de la stratégie au beer pong,parole,jeu,Réussi,Raté,True
faire_parler_des_equipes_au_beer_pong,Faire parler des équipes au beer pong,mission,conversation,1,1,300,one_third,False,auto,True,True,Faire parler des équipes au beer pong,parole,jeu,Réussi,Raté,True
faire_parler_du_niveau_de_jeu_au_beer_pong,Faire parler du niveau de jeu au beer pong,mission,conversation,1,1,300,one_third,False,auto,True,True,Faire parler du niveau de jeu au beer pong,parole,jeu,Réussi,Raté,True
faire_accuser_andy_de_cacher_quelque_chose,Faire accuser Andy de cacher quelque chose,mission,suspicion,3,5,600,one_half,False,auto,True,True,Faire accuser Andy de cacher quelque chose,soupçon,cible,Réussi,Raté,True
faire_accuser_greg_detre_un_peu_suspect,Faire accuser Greg d’être un peu suspect,mission,suspicion,3,5,600,one_half,False,auto,True,True,Faire accuser Greg d’être un peu suspect,soupçon,cible,Réussi,Raté,True
faire_accuser_lucas_de_surveiller_les_autres,Faire accuser Lucas de surveiller les autres,mission,suspicion,3,5,600,one_half,False,auto,True,True,Faire accuser Lucas de surveiller les autres,soupçon,cible,Réussi,Raté,True
faire_croire_quune_phrase_entendue_etait_bizarre,Faire croire qu’une phrase entendue était bizarre,mission,suspicion,3,5,600,one_half,False,auto,True,True,Faire croire qu’une phrase entendue était bizarre,soupçon,lecture,Réussi,Raté,True
faire_croire_quune_reaction_etait_etrange,Faire croire qu’une réaction était étrange,mission,suspicion,3,5,600,one_half,False,auto,True,True,Faire croire qu’une réaction était étrange,soupçon,lecture,Réussi,Raté,True
faire_croire_quun_regard_etait_suspect,Faire croire qu’un regard était suspect,mission,suspicion,3,5,600,one_half,False,auto,True,True,Faire croire qu’un regard était suspect,soupçon,lecture,Réussi,Raté,True
rendre_juliette_suspecte_aux_yeux_de_greg_et_lou,Rendre Juliette suspecte aux yeux de Greg et Lou,mission,suspicion,3,5,600,one_half,False,auto,True,True,Rendre Juliette suspecte aux yeux de Greg et Lou,soupçon,groupe,Réussi,Raté,True
rendre_lucas_suspect_aux_yeux_de_fanny_et_chloe,Rendre Lucas suspect aux yeux de Fanny et Chloé,mission,suspicion,3,5,600,one_half,False,auto,True,True,Rendre Lucas suspect aux yeux de Fanny et Chloé,soupçon,groupe,Réussi,Raté,True
faire_dire_quil_a_remarque_un_comportement_etrange,Faire dire qu’il a remarqué un comportement étrange,mission,suspicion,2,3,420,one_half,False,auto,True,True,Faire dire qu’il a remarqué un comportement étrange,soupçon,lecture,Réussi,Raté,True
faire_dire_quil_a_remarque_un_regard_bizarre,Faire dire qu’il a remarqué un regard bizarre,mission,suspicion,2,3,420,one_half,False,auto,True,True,Faire dire qu’il a remarqué un regard bizarre,soupçon,lecture,Réussi,Raté,True
faire_dire_quil_a_remarque_une_reaction_suspecte,Faire dire qu’il a remarqué une réaction suspecte,mission,suspicion,2,3,420,one_half,False,auto,True,True,Faire dire qu’il a remarqué une réaction suspecte,soupçon,lecture,Réussi,Raté,True
faire_dire_quil_doute_de_greg,Faire dire qu’il doute de Greg,mission,suspicion,2,3,420,one_half,False,auto,True,True,Faire dire qu’il doute de Greg,soupçon,cible,Réussi,Raté,True
faire_dire_quil_doute_de_lucas,Faire dire qu’il doute de Lucas,mission,suspicion,2,3,420,one_half,False,auto,True,True,Faire dire qu’il doute de Lucas,soupçon,cible,Réussi,Raté,True
faire_dire_quil_doute_de_andy,Faire dire qu’il doute de Andy,mission,suspicion,2,3,420,one_half,False,auto,True,True,Faire dire qu’il doute de Andy,soupçon,cible,Réussi,Raté,True
faire_dire_quandy_ment,Faire dire qu’Andy ment,mission,suspicion,3,5,600,one_half,False,auto,True,True,Faire dire qu’Andy ment,soupçon,cible,Réussi,Raté,True
faire_dire_que_greg_ment,Faire dire que Greg ment,mission,suspicion,3,5,600,one_half,False,auto,True,True,Faire dire que Greg ment,soupçon,cible,Réussi,Raté,True
faire_dire_que_lucas_ment,Faire dire que Lucas ment,mission,suspicion,3,5,600,one_half,False,auto,True,True,Faire dire que Lucas ment,soupçon,cible,Réussi,Raté,True
faire_dire_quil_nest_pas_sur_de_juliette,Faire dire qu’il n’est pas sûr de Juliette,mission,suspicion,2,3,420,one_half,False,auto,True,True,Faire dire qu’il n’est pas sûr de Juliette,soupçon,cible,Réussi,Raté,True
faire_dire_quil_nest_pas_sur_de_lou,Faire dire qu’il n’est pas sûr de Lou,mission,suspicion,2,3,420,one_half,False,auto,True,True,Faire dire qu’il n’est pas sûr de Lou,soupçon,cible,Réussi,Raté,True
faire_dire_quil_nest_pas_sur_de_chloe,Faire dire qu’il n’est pas sûr de Chloé,mission,suspicion,2,3,420,one_half,False,auto,True,True,Faire dire qu’il n’est pas sûr de Chloé,soupçon,cible,Réussi,Raté,True
faire_dire_quil_pense_avoir_ete_manipule,Faire dire qu’il pense avoir été manipulé,mission,suspicion,3,5,600,one_half,False,auto,True,True,Faire dire qu’il pense avoir été manipulé,soupçon,lecture,Réussi,Raté,True
faire_dire_quil_sest_fait_avoir,Faire dire qu’il s’est fait avoir,mission,suspicion,3,5,600,one_half,False,auto,True,True,Faire dire qu’il s’est fait avoir,soupçon,lecture,Réussi,Raté,True
faire_dire_quil_se_mefie_de_greg,Faire dire qu’il se méfie de Greg,mission,suspicion,3,5,600,one_half,False,auto,True,True,Faire dire qu’il se méfie de Greg,soupçon,cible,Réussi,Raté,True
faire_dire_quil_se_mefie_de_lucas,Faire dire qu’il se méfie de Lucas,mission,suspicion,3,5,600,one_half,False,auto,True,True,Faire dire qu’il se méfie de Lucas,soupçon,cible,Réussi,Raté,True
faire_dire_quil_se_mefie_de_andy,Faire dire qu’il se méfie de Andy,mission,suspicion,3,5,600,one_half,False,auto,True,True,Faire dire qu’il se méfie de Andy,soupçon,cible,Réussi,Raté,True
faire_croire_que_lucas_a_une_contrainte_a_chloe,Faire croire que Lucas a une contrainte à Chloé,mission,suspicion,3,5,600,one_half,False,auto,True,True,Faire croire que Lucas a une contrainte à Chloé,soupçon,cible,Réussi,Raté,True
faire_croire_que_greg_a_une_contrainte_a_lou,Faire croire que Greg a une contrainte à Lou,mission,suspicion,3,5,600,one_half,False,auto,True,True,Faire croire que Greg a une contrainte à Lou,soupçon,cible,Réussi,Raté,True
se_faire_demander_tu_caches_quelque_chose,Se faire demander “tu caches quelque chose ?”,mission,suspicion,3,5,600,one_half,False,auto,True,True,Se faire demander “tu caches quelque chose ?”,soupçon,réaction,Réussi,Raté,True
se_faire_demander_tu_joues_un_double_jeu,Se faire demander “tu joues un double jeu ?”,mission,suspicion,3,5,600,one_half,False,auto,True,True,Se faire demander “tu joues un double jeu ?”,soupçon,réaction,Réussi,Raté,True
faire_dire_je_fais_attention,Faire dire “je fais attention”,mission,suspicion,3,5,600,one_half,False,auto,True,True,Faire dire “je fais attention”,soupçon,lecture,Réussi,Raté,True
faire_dire_je_me_mefie,Faire dire “je me méfie”,mission,suspicion,3,5,600,one_half,False,auto,True,True,Faire dire “je me méfie”,soupçon,lecture,Réussi,Raté,True
faire_dire_je_surveille_un_peu_tout_le_monde,Faire dire “je surveille un peu tout le monde”,mission,suspicion,3,5,600,one_half,False,auto,True,True,Faire dire “je surveille un peu tout le monde”,soupçon,lecture,Réussi,Raté,True
faire_se_justifier_quelquun_sur_le_choix_de_sa_tenue,Faire se justifier quelqu’un sur le choix de sa tenue,mission,conversation,2,3,420,one_half,False,auto,True,True,Faire se justifier quelqu’un sur le choix de sa tenue,parole,justification,Réussi,Raté,True
faire_se_defendre_quelquun_apres_une_remarque_legere_sur_son_masque_ou_sa_tenue,Faire se défendre quelqu’un après une remarque légère sur son masque ou sa tenue,mission,conversation,2,3,420,one_half,False,auto,True,True,Faire se défendre quelqu’un après une remarque légère sur son masque ou sa tenue,parole,défense,Réussi,Raté,True
faire_soutenir_ton_idee_de_faire_une_photo_de_groupe_devant_au_moins_2_personnes,Faire soutenir ton idée de faire une photo de groupe devant au moins 2 personnes,mission,manipulation,2,3,420,one_half,False,auto,True,True,Faire soutenir ton idée de faire une photo de groupe devant au moins 2 personnes,influence,photo,Réussi,Raté,True
faire_changer_la_conversation_de_la_deco_vers_les_photos,Faire changer la conversation de la déco vers les photos,mission,manipulation,2,3,420,one_half,False,auto,True,True,Faire changer la conversation de la déco vers les photos,influence,conversation,Réussi,Raté,True
faire_recommander_une_boisson_a_un_autre_invite,Faire recommander une boisson à un autre invité,mission,conversation,1,1,300,one_third,False,auto,True,True,Faire recommander une boisson à un autre invité,parole,boisson,Réussi,Raté,True
faire_dire_dun_invite_quil_est_un_peu_suspect,Faire dire d’un invité qu’il est “un peu suspect”,mission,suspicion,3,5,600,one_half,False,auto,True,True,Faire dire d’un invité qu’il est “un peu suspect”,soupçon,phrase,Réussi,Raté,True
faire_regarder_au_moins_2_personnes_vers_une_meme_cible_pendant_quelques_secondes,Faire regarder au moins 2 personnes vers une même cible pendant quelques secondes,mission,manipulation,2,3,420,one_half,False,auto,True,True,Faire regarder au moins 2 personnes vers une même cible pendant quelques secondes,influence,attention,Réussi,Raté,True
faire_croire_quune_reaction_de_quelquun_etait_etrange,Faire croire qu’une réaction de quelqu’un était étrange,mission,suspicion,3,5,600,one_half,False,auto,True,True,Faire croire qu’une réaction de quelqu’un était étrange,soupçon,lecture,Réussi,Raté,True
faire_entendre_a_deux_invites_quune_meme_personne_agit_bizarrement_puis_obtenir_un_signe_verbal_de_doute,"Faire entendre à deux invités qu’une même personne agit bizarrement, puis obtenir un signe verbal de doute",mission,suspicion,3,5,600,one_half,False,auto,True,True,"Faire entendre à deux invités qu’une même personne agit bizarrement, puis obtenir un signe verbal de doute",soupçon,groupe,Réussi,Raté,True
faire_dire_a_quelquun_je_ne_suis_plus_sur,Faire dire à quelqu’un “je ne suis plus sûr”,mission,manipulation,3,5,600,one_half,False,auto,True,True,Faire dire à quelqu’un “je ne suis plus sûr”,influence,doute,Réussi,Raté,True
faire_faire_a_quelquun_la_remarque_quun_autre_invite_a_surement_une_contrainte,Faire faire à quelqu’un la remarque qu’un autre invité “a sûrement une contrainte”,mission,suspicion,3,5,600,one_half,False,auto,True,True,Faire faire à quelqu’un la remarque qu’un autre invité “a sûrement une contrainte”,soupçon,contrainte,Réussi,Raté,True
faire_quune_personne_change_de_ton_de_posture_ou_de_regard_apres_setre_sentie_observee,"Faire qu’une personne change de ton, de posture ou de regard après s’être sentie observée",mission,manipulation,3,5,600,one_half,False,auto,True,True,"Faire qu’une personne change de ton, de posture ou de regard après s’être sentie observée",influence,comportement,Réussi,Raté,True
faire_croire_que_tu_veux_prendre_une_photo_alors_que_tu_veux_obtenir_une_phrase,"Faire croire que tu veux prendre une photo, alors que tu veux obtenir une phrase",mission,bluff,2,3,420,one_half,False,auto,True,True,"Faire croire que tu veux prendre une photo, alors que tu veux obtenir une phrase",bluff,dissimulation,Réussi,Raté,True
faire_croire_que_tu_tinteresses_a_une_personne_alors_que_ta_vraie_cible_est_une_autre,"Faire croire que tu t’intéresses à une personne, alors que ta vraie cible est une autre",mission,bluff,3,5,600,one_half,False,auto,True,True,"Faire croire que tu t’intéresses à une personne, alors que ta vraie cible est une autre",bluff,dissimulation,Réussi,Raté,True
faire_entendre_a_un_invite_que_ton_comportement_est_bizarre_ou_controle,Faire entendre à un invité que ton comportement est “bizarre” ou “contrôlé”,mission,bluff,3,5,600,one_half,False,auto,True,True,Faire entendre à un invité que ton comportement est “bizarre” ou “contrôlé”,bluff,réaction,Réussi,Raté,True
faire_dire_a_quelquun_ce_quil_pense_etre_ta_mission,Faire dire à quelqu’un ce qu’il pense être ta mission,mission,bluff,3,5,600,one_half,False,auto,True,True,Faire dire à quelqu’un ce qu’il pense être ta mission,bluff,lecture,Réussi,Raté,True
faire_croire_quune_mission_a_compte_alors_quelle_ne_comptait_pas,Faire croire qu’une mission a compté alors qu’elle ne comptait pas,mission,bluff,3,5,600,one_half,False,auto,True,True,Faire croire qu’une mission a compté alors qu’elle ne comptait pas,bluff,méta,Réussi,Raté,True
reussir_une_mission_avec_une_photo_discrete_montrant_clairement_la_cible_et_laction,Réussir une mission avec une photo discrète montrant clairement la cible et l’action,mission,proof,3,5,600,one_half,True,proof,False,False,Réussir une mission avec une photo discrète montrant clairement la cible et l’action,preuve,média,Réussi,Raté,False
reussir_avec_une_personne_en_noir,Réussir avec une personne en noir,mission,other,1,1,300,one_third,False,auto,False,False,Réussir avec une personne en noir,bonus,condition,Réussi,Raté,False
reussir_avec_une_personne_en_bordeaux,Réussir avec une personne en bordeaux,mission,other,1,1,300,one_third,False,auto,False,False,Réussir avec une personne en bordeaux,bonus,condition,Réussi,Raté,False
reussir_avec_une_personne_masquee,Réussir avec une personne masquée,mission,other,1,1,300,one_third,False,auto,False,False,Réussir avec une personne masquée,bonus,condition,Réussi,Raté,False
reussir_avec_une_personne_sans_masque,Réussir avec une personne sans masque,mission,other,1,1,300,one_third,False,auto,False,False,Réussir avec une personne sans masque,bonus,condition,Réussi,Raté,False
reussir_avec_une_personne_portant_un_accessoire_de_tete,Réussir avec une personne portant un accessoire de tête,mission,other,1,1,300,one_third,False,auto,False,False,Réussir avec une personne portant un accessoire de tête,bonus,condition,Réussi,Raté,False
reussir_avec_une_personne_tenant_un_verre,Réussir avec une personne tenant un verre,mission,other,1,1,300,one_third,False,auto,False,False,Réussir avec une personne tenant un verre,bonus,condition,Réussi,Raté,False
reussir_avec_une_personne_assise_depuis_longtemps,Réussir avec une personne assise depuis longtemps,mission,other,2,3,420,one_half,False,auto,False,False,Réussir avec une personne assise depuis longtemps,bonus,condition,Réussi,Raté,False
reussir_avec_une_personne_debout,Réussir avec une personne debout,mission,other,1,1,300,one_third,False,auto,False,False,Réussir avec une personne debout,bonus,condition,Réussi,Raté,False
reussir_avec_une_personne_portant_des_bijoux_visibles,Réussir avec une personne portant des bijoux visibles,mission,other,2,3,420,one_half,False,auto,False,False,Réussir avec une personne portant des bijoux visibles,bonus,condition,Réussi,Raté,False
reussir_avec_une_personne_en_noir_et_rouge,Réussir avec une personne en noir et rouge,mission,other,2,3,420,one_half,False,auto,False,False,Réussir avec une personne en noir et rouge,bonus,condition,Réussi,Raté,False
reussir_devant_deux_personnes_qui_se_parlent_peu,Réussir devant deux personnes qui se parlent peu,mission,other,3,5,600,one_half,False,auto,False,False,Réussir devant deux personnes qui se parlent peu,bonus,condition,Réussi,Raté,False
reussir_dans_un_groupe_de_trois_minimum,Réussir dans un groupe de trois minimum,mission,other,2,3,420,one_half,False,auto,False,False,Réussir dans un groupe de trois minimum,bonus,condition,Réussi,Raté,False
reussir_devant_une_personne_qui_connait_manon_depuis_longtemps,Réussir devant une personne qui connaît Manon depuis longtemps,mission,other,2,3,420,one_half,False,auto,True,True,Réussir devant une personne qui connaît Manon depuis longtemps,bonus,condition,Réussi,Raté,True
interdit_oui,Interdit : oui,constraint,verbal,2,2,600,one_half,False,auto,True,True,Interdit : oui,verbal,interdit,Tenue,Cassée,True
interdit_non,Interdit : non,constraint,verbal,2,2,600,one_half,False,auto,True,True,Interdit : non,verbal,interdit,Tenue,Cassée,True
interdit_tu,Interdit : tu,constraint,verbal,3,3,600,one_half,False,auto,True,True,Interdit : tu,verbal,interdit,Tenue,Cassée,True
interdit_je,Interdit : je,constraint,verbal,3,3,600,one_half,False,auto,True,True,Interdit : je,verbal,interdit,Tenue,Cassée,True
interdit_mais,Interdit : mais,constraint,verbal,2,2,600,one_half,False,auto,True,True,Interdit : mais,verbal,interdit,Tenue,Cassée,True
interdit_jeu,Interdit : jeu,constraint,verbal,1,1,300,one_third,False,auto,True,True,Interdit : jeu,verbal,interdit,Tenue,Cassée,True
interdit_suspect,Interdit : suspect,constraint,verbal,1,1,300,one_third,False,auto,True,True,Interdit : suspect,verbal,interdit,Tenue,Cassée,True
interdit_photo,Interdit : photo,constraint,verbal,1,1,300,one_third,False,auto,True,True,Interdit : photo,verbal,interdit,Tenue,Cassée,True
interdit_manon,Interdit : Manon,constraint,verbal,2,2,600,one_half,False,auto,True,True,Interdit : Manon,verbal,interdit,Tenue,Cassée,True
interdit_poser_une_question,Interdit : poser une question,constraint,verbal,3,3,600,one_half,False,auto,True,True,Interdit : poser une question,verbal,interdit,Tenue,Cassée,True
interdit_negation,Interdit : négation,constraint,verbal,3,3,600,one_half,False,auto,True,True,Interdit : négation,verbal,interdit,Tenue,Cassée,True
interdit_prenom,Interdit : prénom,constraint,verbal,3,3,600,one_half,False,auto,True,True,Interdit : prénom,verbal,interdit,Tenue,Cassée,True
interdit_parler_de_soi,Interdit : parler de soi,constraint,verbal,2,2,600,one_half,False,auto,True,True,Interdit : parler de soi,verbal,interdit,Tenue,Cassée,True
interdit_parler_au_passe,Interdit : parler au passé,constraint,verbal,2,2,600,one_half,False,auto,True,True,Interdit : parler au passé,verbal,interdit,Tenue,Cassée,True
interdit_parler_au_futur,Interdit : parler au futur,constraint,verbal,2,2,600,one_half,False,auto,True,True,Interdit : parler au futur,verbal,interdit,Tenue,Cassée,True
interdit_phrase_de_plus_de_8_mots,Interdit : phrase de plus de 8 mots,constraint,verbal,3,3,600,one_half,False,auto,True,True,Interdit : phrase de plus de 8 mots,verbal,interdit,Tenue,Cassée,True
reponse_attendre_2_secondes,Réponse : attendre 2 secondes,constraint,verbal,2,2,600,one_half,False,auto,True,True,Réponse : attendre 2 secondes,verbal,réponse,Tenue,Cassée,True
reponse_reformuler_dabord,Réponse : reformuler d’abord,constraint,verbal,2,2,600,one_half,False,auto,True,True,Réponse : reformuler d’abord,verbal,réponse,Tenue,Cassée,True
reponse_contourner_la_question,Réponse : contourner la question,constraint,verbal,3,3,900,one_half,False,auto,True,True,Réponse : contourner la question,verbal,réponse,Tenue,Cassée,True
reponse_vouvoyer,Réponse : vouvoyer,constraint,verbal,2,2,600,one_half,False,auto,True,True,Réponse : vouvoyer,verbal,réponse,Tenue,Cassée,True
reponse_donner_un_exemple,Réponse : donner un exemple,constraint,verbal,2,2,600,one_half,False,auto,True,True,Réponse : donner un exemple,verbal,réponse,Tenue,Cassée,True
reponse_ajouter_une_question,Réponse : ajouter une question,constraint,verbal,3,3,900,one_half,False,auto,True,True,Réponse : ajouter une question,verbal,réponse,Tenue,Cassée,True
reponse_ne_pas_reprendre_le_meme_ton,Réponse : ne pas reprendre le même ton,constraint,verbal,2,2,600,one_half,False,auto,True,True,Réponse : ne pas reprendre le même ton,verbal,réponse,Tenue,Cassée,True
reponse_parler_moins_fort,Réponse : parler moins fort,constraint,verbal,2,2,600,one_half,False,auto,True,True,Réponse : parler moins fort,verbal,réponse,Tenue,Cassée,True
reponse_pas_de_second_degre,Réponse : pas de second degré,constraint,verbal,1,1,300,one_third,False,auto,True,True,Réponse : pas de second degré,verbal,réponse,Tenue,Cassée,True
interaction_ne_pas_parler_en_premier_dans_un_groupe,Interaction : ne pas parler en premier dans un groupe,constraint,social_rule,2,2,600,one_half,False,auto,True,True,Interaction : ne pas parler en premier dans un groupe,social,interaction,Tenue,Cassée,True
interaction_ne_pas_initier_deux_fois_de_suite,Interaction : ne pas initier deux fois de suite,constraint,social_rule,2,2,600,one_half,False,auto,True,True,Interaction : ne pas initier deux fois de suite,social,interaction,Tenue,Cassée,True
interaction_ne_jamais_se_justifier,Interaction : ne jamais se justifier,constraint,social_rule,2,2,600,one_half,False,auto,True,True,Interaction : ne jamais se justifier,social,interaction,Tenue,Cassée,True
interaction_ne_jamais_dire_etre_daccord,Interaction : ne jamais dire être d’accord,constraint,social_rule,2,2,600,one_half,False,auto,True,True,Interaction : ne jamais dire être d’accord,social,interaction,Tenue,Cassée,True
interaction_ne_pas_parler_a_quelquun_qui_boit,Interaction : ne pas parler à quelqu’un qui boit,constraint,social_rule,2,2,600,one_half,False,auto,True,True,Interaction : ne pas parler à quelqu’un qui boit,social,interaction,Tenue,Cassée,True
interaction_faire_preciser_deux_fois,Interaction : faire préciser deux fois,constraint,social_rule,3,3,900,one_half,False,auto,True,True,Interaction : faire préciser deux fois,social,interaction,Tenue,Cassée,True
cible_ne_pas_sadresser_au_meme_sexe,Cible : ne pas s’adresser au même sexe,constraint,social_rule,2,2,600,one_half,False,auto,True,True,Cible : ne pas s’adresser au même sexe,social,ciblage,Tenue,Cassée,True
cible_ne_pas_sadresser_a_quelquun_debout,Cible : ne pas s’adresser à quelqu’un debout,constraint,social_rule,2,2,600,one_half,False,auto,True,True,Cible : ne pas s’adresser à quelqu’un debout,social,ciblage,Tenue,Cassée,True
posture_bras_decroises,Posture : bras décroisés,constraint,behavioral,1,1,300,one_third,False,auto,True,True,Posture : bras décroisés,comportement,posture,Tenue,Cassée,True
posture_ne_pas_toucher_les_autres,Posture : ne pas toucher les autres,constraint,behavioral,1,1,300,one_third,False,auto,True,True,Posture : ne pas toucher les autres,comportement,posture,Tenue,Cassée,True
posture_mains_visibles,Posture : mains visibles,constraint,behavioral,2,2,600,one_half,False,auto,True,True,Posture : mains visibles,comportement,posture,Tenue,Cassée,True
posture_cheveux_sans_contact,Posture : cheveux sans contact,constraint,behavioral,1,1,300,one_third,False,auto,True,True,Posture : cheveux sans contact,comportement,posture,Tenue,Cassée,True
placement_garder_une_chaise_vide_a_cote,Placement : garder une chaise vide à côté,constraint,positioning,3,3,900,one_half,False,auto,True,True,Placement : garder une chaise vide à côté,placement,espace,Tenue,Cassée,True
verre_main_gauche,Verre : main gauche,constraint,behavioral,2,2,600,one_half,False,auto,True,True,Verre : main gauche,comportement,verre,Tenue,Cassée,True
verre_ne_pas_tenir_le_verre_en_parlant,Verre : ne pas tenir le verre en parlant,constraint,behavioral,2,2,600,one_half,False,auto,True,True,Verre : ne pas tenir le verre en parlant,comportement,verre,Tenue,Cassée,True
verre_deux_mains_en_ecoutant,Verre : deux mains en écoutant,constraint,behavioral,3,3,900,one_half,False,auto,True,True,Verre : deux mains en écoutant,comportement,verre,Tenue,Cassée,True
verre_ne_pas_boire_deux_fois_devant_la_meme_personne,Verre : ne pas boire deux fois devant la même personne,constraint,behavioral,2,2,600,one_half,False,auto,True,True,Verre : ne pas boire deux fois devant la même personne,comportement,verre,Tenue,Cassée,True
regard_eviter_les_yeux,Regard : éviter les yeux,constraint,behavioral,3,3,900,one_half,False,auto,True,True,Regard : éviter les yeux,comportement,regard,Tenue,Cassée,True
expression_ne_pas_montrer_dhesitation,Expression : ne pas montrer d’hésitation,constraint,behavioral,2,2,600,one_half,False,auto,True,True,Expression : ne pas montrer d’hésitation,comportement,expression,Tenue,Cassée,True
expression_ne_pas_rire,Expression : ne pas rire,constraint,behavioral,2,2,600,one_half,False,auto,True,True,Expression : ne pas rire,comportement,expression,Tenue,Cassée,True
expression_sourire_leger,Expression : sourire léger,constraint,behavioral,2,2,600,one_half,False,auto,True,True,Expression : sourire léger,comportement,expression,Tenue,Cassée,True
placement_face_au_beer_pong,Placement : face au beer pong,constraint,positioning,2,2,600,one_half,False,auto,True,True,Placement : face au beer pong,placement,espace,Tenue,Cassée,True
declencheur_contourner_si_on_te_questionne,Déclencheur : contourner si on te questionne,constraint,social_rule,2,2,600,one_half,False,auto,True,True,Déclencheur : contourner si on te questionne,social,déclencheur,Tenue,Cassée,True
declencheur_pas_de_prenom_pendant_1_minute_apres_un_prenom_entendu,Déclencheur : pas de prénom pendant 1 minute après un prénom entendu,constraint,social_rule,3,3,900,one_half,False,auto,True,True,Déclencheur : pas de prénom pendant 1 minute après un prénom entendu,social,déclencheur,Tenue,Cassée,True
interdit_du_coup,Interdit : du coup,constraint,verbal,2,2,600,one_half,False,auto,True,True,Interdit : du coup,verbal,interdit,Tenue,Cassée,True
interaction_ne_jamais_quitter_un_groupe_sans_une_derniere_phrase,Interaction : ne jamais quitter un groupe sans une dernière phrase,constraint,social_rule,2,2,600,one_half,False,auto,True,True,Interaction : ne jamais quitter un groupe sans une dernière phrase,social,interaction,Tenue,Cassée,True
interaction_ne_jamais_rester_silencieux_plus_de_20_secondes_dans_un_groupe,Interaction : ne jamais rester silencieux plus de 20 secondes dans un groupe,constraint,social_rule,2,2,600,one_half,False,auto,True,True,Interaction : ne jamais rester silencieux plus de 20 secondes dans un groupe,social,interaction,Tenue,Cassée,True
interaction_ne_jamais_parler_deux_fois_de_suite_a_la_meme_personne,Interaction : ne jamais parler deux fois de suite à la même personne,constraint,social_rule,3,3,900,one_half,False,auto,True,True,Interaction : ne jamais parler deux fois de suite à la même personne,social,interaction,Tenue,Cassée,True
interaction_toujours_inclure_une_troisieme_personne_apres_1_minute_a_deux,Interaction : toujours inclure une troisième personne après 1 minute à deux,constraint,social_rule,3,3,900,one_half,False,auto,True,True,Interaction : toujours inclure une troisième personne après 1 minute à deux,social,interaction,Tenue,Cassée,True
interaction_ne_jamais_refuser_directement_une_proposition,Interaction : ne jamais refuser directement une proposition,constraint,social_rule,2,2,600,one_half,False,auto,True,True,Interaction : ne jamais refuser directement une proposition,social,interaction,Tenue,Cassée,True
interaction_toujours_rebondir_sur_un_detail_de_ce_que_dit_lautre,Interaction : toujours rebondir sur un détail de ce que dit l’autre,constraint,social_rule,2,2,600,one_half,False,auto,True,True,Interaction : toujours rebondir sur un détail de ce que dit l’autre,social,interaction,Tenue,Cassée,True
interaction_ne_jamais_couper_la_parole,Interaction : ne jamais couper la parole,constraint,social_rule,1,1,300,one_third,False,auto,True,True,Interaction : ne jamais couper la parole,social,interaction,Tenue,Cassée,True
interaction_ne_jamais_etre_celui_qui_clot_une_conversation,Interaction : ne jamais être celui qui clôt une conversation,constraint,social_rule,3,3,900,one_half,False,auto,True,True,Interaction : ne jamais être celui qui clôt une conversation,social,interaction,Tenue,Cassée,True
cible_ne_pas_parler_deux_fois_de_suite_a_la_meme_personne_assise,Cible : ne pas parler deux fois de suite à la même personne assise,constraint,social_rule,2,2,600,one_half,False,auto,True,True,Cible : ne pas parler deux fois de suite à la même personne assise,social,ciblage,Tenue,Cassée,True
cible_ne_pas_rester_plus_de_3_minutes_avec_le_meme_binome,Cible : ne pas rester plus de 3 minutes avec le même binôme,constraint,social_rule,2,2,600,one_half,False,auto,True,True,Cible : ne pas rester plus de 3 minutes avec le même binôme,social,ciblage,Tenue,Cassée,True
posture_garder_le_menton_legerement_releve,Posture : garder le menton légèrement relevé,constraint,behavioral,2,2,600,one_half,False,auto,True,True,Posture : garder le menton légèrement relevé,comportement,posture,Tenue,Cassée,True
posture_ne_jamais_tadosser,Posture : ne jamais t’adosser,constraint,behavioral,2,2,600,one_half,False,auto,True,True,Posture : ne jamais t’adosser,comportement,posture,Tenue,Cassée,True
posture_toujours_orienter_ton_buste_vers_ton_interlocuteur_principal,Posture : toujours orienter ton buste vers ton interlocuteur principal,constraint,behavioral,2,2,600,one_half,False,auto,True,True,Posture : toujours orienter ton buste vers ton interlocuteur principal,comportement,posture,Tenue,Cassée,True
regard_ne_jamais_baisser_les_yeux_en_parlant,Regard : ne jamais baisser les yeux en parlant,constraint,behavioral,3,3,900,one_half,False,auto,True,True,Regard : ne jamais baisser les yeux en parlant,comportement,regard,Tenue,Cassée,True
expression_garder_un_air_serieux_quand_quelquun_rit,Expression : garder un air sérieux quand quelqu’un rit,constraint,behavioral,2,2,600,one_half,False,auto,True,True,Expression : garder un air sérieux quand quelqu’un rit,comportement,expression,Tenue,Cassée,True
expression_garder_les_levres_fermees_quand_tu_ecoutes,Expression : garder les lèvres fermées quand tu écoutes,constraint,behavioral,1,1,300,one_third,False,auto,True,True,Expression : garder les lèvres fermées quand tu écoutes,comportement,expression,Tenue,Cassée,True
expression_ne_jamais_froncer_les_sourcils,Expression : ne jamais froncer les sourcils,constraint,behavioral,2,2,600,one_half,False,auto,True,True,Expression : ne jamais froncer les sourcils,comportement,expression,Tenue,Cassée,True
verre_ne_jamais_poser_ton_verre_a_moins_dun_bras_de_toi,Verre : ne jamais poser ton verre à moins d’un bras de toi,constraint,behavioral,2,2,600,one_half,False,auto,True,True,Verre : ne jamais poser ton verre à moins d’un bras de toi,comportement,verre,Tenue,Cassée,True
verre_ne_jamais_parler_les_mains_totalement_immobiles,Verre : ne jamais parler les mains totalement immobiles,constraint,behavioral,2,2,600,one_half,False,auto,True,True,Verre : ne jamais parler les mains totalement immobiles,comportement,verre,Tenue,Cassée,True
placement_ne_jamais_etre_au_centre_dun_groupe,Placement : ne jamais être au centre d’un groupe,constraint,positioning,2,2,600,one_half,False,auto,True,True,Placement : ne jamais être au centre d’un groupe,placement,espace,Tenue,Cassée,True
declencheur_si_quelquun_rit_tu_dois_sourire_sans_rire,"Déclencheur : si quelqu’un rit, tu dois sourire sans rire",constraint,social_rule,2,2,600,one_half,False,auto,True,True,"Déclencheur : si quelqu’un rit, tu dois sourire sans rire",social,déclencheur,Tenue,Cassée,True
declencheur_si_quelquun_te_fait_un_compliment_tu_dois_minimiser,"Déclencheur : si quelqu’un te fait un compliment, tu dois minimiser",constraint,social_rule,2,2,600,one_half,False,auto,True,True,"Déclencheur : si quelqu’un te fait un compliment, tu dois minimiser",social,déclencheur,Tenue,Cassée,True
